﻿<skin version="1.1" name="迅雷看看" url="http://cmp4.xuemu.net/" author="雪幕天涯" email="admin@xuemu.net" readme="CMP4皮肤" mask_color="" preview="preview.jpg">
	<option xywh="0C, -4C, 754, 352" src="black.png" mask="" lock="1" display="0" group="A">
		<pane xywh="0, 0, 100P, 100P" align="left" font="宋体" size="12" color="#7F8FA5, #ffffff"/>
		<scrollbar thumb_src="scrollbar_thumb.png" button_src="scrollbar_button.png" track_src="scrollbar_track.png"/>
	</option>
	<lrc xywh="-80C, 148C, 493, 18" src="" mask="" lock="1" display="1" group="A">
		<text xywh="0, 0, 100P, 100P" align="center" font="宋体" size="12" color="#05a9f6" horizontal="1" glow="#0261ca,0.5,1,1,100,1" max_scale="3"/>
	</lrc>
	<list xywh="287C, -5C, 180, 350" src="list.png" mask="" lock="1" display="1" group="A">
		<tree xywh="7, 25R, 100P, 100P" align="left" font="宋体" size="12" color="#7F8FA5, #ffffff"/>
		<search xywh="42, 0R, 113, 20" align="left" font="Arial" size="12" color="#999999, #666666" value="请输入关键字"/>
		<scrollbar thumb_src="scrollbar_thumb.png" button_src="scrollbar_button.png" track_src="scrollbar_track.png"/>
		<bt_close xywh="0, 17C, 7, 48" src="bt_close.png" tips="关闭列表"/>
		<event type="open" target="option" property="display" value="0"/>
		<event type="open" target="console.title" property="xywh" value="80, 8, 550, 18"/>
		<event type="close" target="console.title" property="xywh" value="80, 8, 712, 18"/>
		<event type="open" target="console.progress" property="xywh" value="-91C, 40R, 94B, 13"/>
		<event type="close" target="console.progress" property="xywh" value="-1C, 40R, 4B, 13"/>
		<event type="open" target="media" property="xywh" value="-85C, -20C, 582, 320"/>
		<event type="close" target="media" property="xywh" value="-3C, -20C, 744, 320"/>
		<event type="open" target="lrc" property="xywh" value="-100C, 148C, 393, 18"/>
		<event type="close" target="lrc" property="xywh" value="-3C, 148C, 586, 18"/>
	</list>
	<media xywh="-85C, -20C, 582, 320" src="" mask="" lock="0" display="1" group="A">
		<video xywh="0, 0, 100P, 100P"/>
	</media>
	<console xywh="0C, 0C, 760, 422" src="console.png" mask="" lock="0" display="1" group="A">
		<bt_play xywh="0C, 1R, 38, 38" src="PlayPauseButton.png"/>
		<bt_stop xywh="-58C, 8R, 25, 24" src="PlayStopButton.png"/>
		<bt_prev xywh="-34C, 8R, 25, 24" src="PrevButton.png"/>
		<bt_next xywh="34C, 8R, 25, 24" src="NextButton.png"/>
		<bt_mute xywh="58C, 8R, 25, 24" src="SoundButton.png"/>
		<volume xywh="123C, 15R, 100, 9" thumb_src="volume_thumb.png" track_src="SoundBar.png"/>
		<progress xywh="-91C, 40R, 94B, 13" thumb_src="progress_thumb.png" track_src="progress_track.png"/>
		<bt_list xywh="3R, -4C, 7, 48" src="bt_list2.png" tips="打开列表"/>
		<bt_option xywh="80R, 7, 18, 18" src="ChangeSkin.png" tips="关闭设置,打开设置"/>
		<bt_fullscreen xywh="12R, 10R, 18, 18" src="ScreenButton.png" tips="打开全屏,退出全屏"/>
		<bt_repeat xywh="52R, 10R, 18, 18" src="BT_Repeat.png" tips="循环播放,关闭循环"/>
		<bt_random xywh="32R, 10R, 18, 18" src="BT_Random.png" tips="随机播放,关闭随机"/>
		<bt_lrc xywh="108, 1, 60, 29" src="BT_Lrc.png" tips="关闭歌词,打开歌词"/>
		<title xywh="80, 8, 550, 18" align="center" font="宋体" size="12" leading="" borderColor="" backgroundColor="" color="#FEFEFE" bold="1"/>
		<status xywh="8, 9R, 210, 18" align="left" font="宋体" size="12" color="#A5D1FF"/>
		<time xywh="200, 9R, 100, 18" align="right" font="宋体" size="12" color="#A5D1FF"/>
	</console>
</skin>