﻿<skin version="2.0" name="KuWo2.0" url="http://bbs.cenfun.com/" author="Howay" email="" mask_color=""  show_tips="3" context_menu="0">
	<list xywh="281C, -40C, 233,408" src="white1.png" mask="" lock="1" display="1" group="A">
		<tree xywh="0C, 31C, 234, 338" align="left" font="宋体" size="12" color="#6A6A6A, #000000" row_src="row.png" row_height="26"/>
		<search xywh="3, 388R, 200, 18" align="left" font="Arial" size="12" color="#555555, #999999" borderColor="" backgroundColor="" bold="" value="搜索歌手、歌名、歌词、专辑"/>
		<scrollbar thumb_src="scrollbar_thumb.png" button_src="scrollbar_button.png" track_src="scrollbar_track.png"/>
		<event type="open" target="option" property="display" value="0"/>
		<event type="open" target="lrc" property="display" value="1"/>
		<event type="open" target="media" property="display" value="1"/>
	</list>
	<lrc xywh="-57C, 19C, 444, 332" src="white1.png" mask="" lock="1" display="1" group="A">
		<text xywh="0, 0, 100P, 100P" align="center" font="宋体" size="14,18" bold="0,1" color="#6A6A6A, #226699"/>
		<event type="open" target="list" property="display" value="1"/>
		<event type="open" target="option" property="display" value="0"/>
		<event type="open" target="media" property="display" value="1"/>
	</lrc>
	<media xywh="-355C, -108C, 70, 70" src="white.png" mask="" lock="1" display="1" group="A">
		<video xywh="0, 0, 100P, 100P"/>
		<event type="open" target="list" property="display" value="1"/>
		<event type="open" target="lrc" property="display" value="1"/>
		<event type="open" target="option" property="display" value="0"/>
	</media>
	<console xywh="0C, 0C, 800, 510" src="console.png" mask="" lock="0" display="1" group="A">
		<bt_play xywh="54, 7R, 57, 57" src="bt_play.png" tips="播放，暂停"/>
		<bt_prev xywh="9, 13R, 41, 41" src="bt_prev.png" tips="上一首"/>
		<bt_next xywh="115, 13R, 41, 41" src="bt_next.png" tips="下一首"/>
		<bt_random xywh="182R, 73R, 45, 18" src="bt_random.png" tips="随机播放"/>
		<bt_repeat xywh="129R,73R, 45, 18" src="bt_repeat.png" tips="单曲循环"/>
		<bt_single xywh="74R, 73R, 45, 18" src="bt_single.png" tips="列表循环"/>
		<bt_mute xywh="186, 28R,13, 12" src="bt_mute.png" tips="静音,打开声音"/>
		<bt_fullscreen xywh="88R, 13R, 12, 11" src="bt_fullscreen.png" fullscreen_scale="1" fullscreen_max="video" tips="打开全屏,退出全屏"/>
		<volume xywh="204, 33R, 49, 2" thumb_src="volume_thumb.png" track_src="volume_track.png" tips="音量"/>
		<progress xywh="106C, 33R, 394,2" thumb_src="progress_thumb.png" track_src="progress_track.png" tips="定位"/>
		<bt_list xywh="184C, -239C, 121, 28" src="bt_list1.png" tips="播放列表"/>
		<bt_video xywh="80,-200C, 74, 28" src="bt_video1.png" tips="视频秀"/>
		<bt_lrc xywh="-330C, -200C, 74, 28" src="bt_lrc1.png" tips="歌词"/>
		<bt_more xywh="60R, 13R, 9, 11" src="bt_more.png" link="{url}" target="_blank" tips="下载音乐"/>
		<bt_option xywh="305C, -239C, 121, 28" src="bt_option1.png" tips="设置"/>
		<title xywh="220, 86, 300, 18" align="left" font="宋体" size="12" color="#6A6A6A" borderColor="" backgroundColor="" bold=""/>
		<status xywh="60C, 10R, 300, 18" align="left" font="宋体" size="12" color="#6A6A6A" borderColor="" backgroundColor="" bold=""/>
		<time xywh="13R, 25R ,90, 18" align="right" font="微软雅黑" size="13" color="#6A6A6A" borderColor="" backgroundColor="" bold=""/>
	</console>
	<languages>
		<msg id="state_undefined">未定义</msg>
		<msg id="state_connecting">连接中</msg>
		<msg id="state_buffering">缓冲处理中</msg>
		<msg id="state_playing">正在播放中</msg>
		<msg id="state_paused">已暂停播放</msg>
		<msg id="state_stopped">已停止播放</msg>
		<msg id="state_completed">已播放完毕</msg>
		<msg id="state_reconnecting">重试连接中</msg>
		<msg id="menu_fullscreen">全屏切换</msg>
		<msg id="menu_list">列表</msg>
		<msg id="menu_lrc">歌词</msg>
		<msg id="menu_video">视频</msg>
		<msg id="menu_option">选项</msg>
		<msg id="option_title_skins">设置皮肤</msg>
		<msg id="option_title_about">关于程序</msg>
		<msg id="option_skin_waiting">等待加载</msg>
		<msg id="option_skin_loading">加载中</msg>
		<msg id="option_skin_error">皮肤错误</msg>
		<msg id="option_skin_version">版本</msg>
		<msg id="option_skin_author">作者</msg>
		<msg id="option_skin_email">邮箱</msg>
		<msg id="option_skin_url">网址</msg>
		<msg id="option_skin_readme">说明</msg>
		<msg id="option_copy_url">复制分享地址</msg>
		<msg id="option_copy_embed">复制插入代码</msg>
		<msg id="option_copied">已复制</msg>
		<msg id="tips_video_scalemode">视频缩放模式</msg>
		<msg id="tips_video_rotation">视频旋转90度</msg>
		<msg id="tips_video_blackwhite">视频黑白效果</msg>
		<msg id="tips_video_highlight">视频加亮效果</msg>
		<msg id="tips_video_smoothing">视频平滑处理</msg>
		<msg id="tips_mixer_prev">上一个效果</msg>
		<msg id="tips_mixer_next">下一个效果</msg>
		<msg id="tips_mixer_color">改变颜色</msg>
		<msg id="tips_mixer_displace">置换效果</msg>
		<msg id="tips_mixer_filter">滤镜效果</msg>
		<msg id="tips_view_max">最大化</msg>
		<msg id="tips_view_max_exit">退出最大化</msg>
		<msg id="view_listing">加载列表</msg>
		<msg id="view_nothing">没有找到任何信息</msg>
		<msg id="view_error">错误</msg>
	</languages>
</skin>